investment_code,COD_UNICO,VAL_CIERRE_BRECHA_F9,FEC_CREA,IND_CIE_BRE,DES_BRECHA,DES_UM,ID_UM,EST_CIE_BRE,NUM_DIAS_REST,DES_GLOSA_REST
2705436,2705436,0.0,,En Programación,PORCENTAJE DE HOSPITALES CON CAPACIDAD INSTALADA INADECUADA,ESTABLECIMIENTO DE SALUD,174,,0,
2660498,2660498,50.0,,En Programación,PORCENTAJE DE LA POBLACIÓN RURAL SIN ACCESO AL SERVICIO DE ALCANTARILLADO U OTRAS FORMAS DE DISPOSICIÓN SANITARIA DE EXCRETAS,PERSONAS,100,,0,
2598508,2598508,20.0,,En Programación,PORCENTAJE DE SUPERFICIE AGRÍCOLA SIN RIEGO TECNIFICADO,HA,17,,0,
2194661,2194661,2487.0,,En Cierre,PORCENTAJE DE LA POBLACIÓN URBANA SIN ACCESO A LOS SERVICIOS DE MOVILIDAD URBANA A TRAVÉS DE VÍAS URBANAS,PERSONAS,100,,-1242,
2499210,2499210,24.0,,En Programación,PORCENTAJE DE POBLACIÓN URBANA QUE NO TIENE CONTINUIDAD DEL SERVICIO DE AGUA POTABLE,HORAS,76,,0,
2628986,2628986,1.0,,En Programación,PORCENTAJE DE PUNTOS CRÍTICOS EN LAS QUEBRADAS NO PROTEGIDAS ANTE PELIGROS,PUNTOS CRÍTICOS EN QUEBRADA,248,,0,
2500995,2500995,1.0,,En Programación,PORCENTAJE DE UNIDADES ORGÁNICAS DE LA ENTIDAD CON INADECUADO ÍNDICE DE OCUPACIÓN,UNIDADES ORGÁNICAS,303,,0,
2152952,2152952,0.0,,En Cierre,,,0,,0,
2687722,2687722,18.8,,En Programación,PORCENTAJE DE SUPERFICIE AGRÍCOLA SIN RIEGO TECNIFICADO,HA,17,,0,
2352536,2352536,5.0,,En Programación,PORCENTAJE DE M2 DE ESPACIOS PÚBLICOS PARA EL ESPARCIMIENTO Y RECREACIÓN EN ZONAS URBANAS POR IMPLEMENTAR,M2,15,,0,
2705952,2705952,1273.0,,En Programación,PORCENTAJE DE LA POBLACIÓN URBANA SIN ACCESO A LOS SERVICIOS DE MOVILIDAD URBANA A TRAVÉS DE VÍAS URBANAS,PERSONAS,100,,0,
2530397,2530397,1.0,,En Programación,PORCENTAJE DE SISTEMAS DE RIEGO QUE OPERAN EN CONDICIONES INADECUADAS,SISTEMA DE RIEGO,281,,0,
2380177,2380177,0.5,,En Cierre,PORCENTAJE DE M2 DE ESPACIOS PÚBLICOS VERDES EN ZONAS URBANAS POR IMPLEMENTAR,M2,15,,-994,
2478143,2478143,1.0,,En Programación,PORCENTAJE DE INSTALACIONES DEPORTIVAS Y /O RECREATIVAS EN CONDICIONES INADECUADAS,INSTALACIONES DEPORTIVAS Y/O RECREATIVAS,269,,0,
2575737,2575737,30.0,,En Programación,PORCENTAJE DE SERVICIOS OPERATIVOS O MISIONALES INSTITUCIONALES CON CAPACIDAD OPERATIVA INADECUADA,SERVICIOS OPERATIVOS O MISIONALES INSTITUCIONALES,181,,0,
2715592,2715592,52.0,,En Programación,PORCENTAJE DE LA POBLACIÓN RURAL SIN ACCESO AL SERVICIO DE AGUA POTABLE MEDIANTE RED PÚBLICA O PILETA PÚBLICA,PERSONAS,100,,0,
2510026,2510026,1.0,,En Programación,PORCENTAJE DE SISTEMAS DE RIEGO QUE OPERAN EN CONDICIONES INADECUADAS,SISTEMA DE RIEGO,281,,0,
2405435,2405435,1.0,,En Cierre,PORCENTAJE DE MERCADOS DE ABASTOS QUE OPERAN EN CONDICIONES INADECUADAS,MERCADO,280,,-1365,
2671103,2671103,250.0,,En Programación,PORCENTAJE DE LA POBLACIÓN URBANA SIN ACCESO A LOS SERVICIOS DE MOVILIDAD URBANA A TRAVÉS DE VÍAS URBANAS,PERSONAS,100,,0,
2084942,2084942,100.0,,En Programación,PORCENTAJE DE LA POBLACIÓN RURAL SIN ACCESO AL SERVICIO DE AGUA POTABLE MEDIANTE RED PÚBLICA O PILETA PÚBLICA,PERSONAS,100,,0,
2632443,2632443,63.0,,En Programación,PORCENTAJE DE INSTALACIONES EDUCATIVAS QUE BRINDAN EL SERVICIO DE EDUCACIÓN SECUNDARIA EN CONDICIONES INADECUADAS,INSTALACIÓN EDUCATIVA,327,,0,
2503709,2503709,54047.0,,En Programación,PORCENTAJE DE LA POBLACIÓN URBANA SIN ACCESO A LOS SERVICIOS DE MOVILIDAD URBANA A TRAVÉS DE VÍAS URBANAS,PERSONAS,100,,0,
2647353,2647353,40.0,,En Programación,PORCENTAJE DE PUNTOS CRÍTICOS EN LAS QUEBRADAS NO PROTEGIDAS ANTE PELIGROS,PUNTOS CRÍTICOS EN QUEBRADA,248,,0,
2610389,2610389,1.0,,En Programación,PORCENTAJE DE INSTALACIONES EDUCATIVAS QUE BRINDAN EL SERVICIO DE EDUCACIÓN INICIAL EN CONDICIONES INADECUADAS,INSTALACIÓN EDUCATIVA,327,,0,
2673405,2673405,1291.61,,En Programación,PORCENTAJE DE SUPERFICIE DE ECOSISTEMAS DEGRADADOS QUE BRINDAN SERVICIOS ECOSISTÉMICOS QUE REQUIEREN DE RECUPERACIÓN,HA,17,,0,
2393130,2393130,1.0,,En Programación,PORCENTAJE DE INSTALACIONES DEPORTIVAS QUE BRINDAN EL SERVICIO DEPORTIVO DE COMPETENCIA EN CONDICIONES INADECUADAS,INSTALACIÓN DEPORTIVA,156,,0,
2626838,2626838,1.0,,En Programación,PORCENTAJE DE PERSONAS NO MATRICULADAS EN EL NIVEL SECUNDARIA RESPECTO A LA DEMANDA POTENCIAL,PERSONA/AÑO,24,,0,
2710911,2710911,80.0,,En Programación,PORCENTAJE DE INSTALACIONES EDUCATIVAS QUE BRINDAN EL SERVICIO DE EDUCACIÓN PRIMARIA EN CONDICIONES INADECUADAS,INSTALACIÓN EDUCATIVA,327,,0,
2332327,2332327,133.0,,En Programación,PORCENTAJE DE VIVIENDAS EN EL ÁMBITO RURAL QUE NO CUENTAN CON SERVICIO ELÉCTRICO,VIVIENDAS ATENDIDAS/AÑO,242,,0,
2656746,2656746,0.0,,En Programación,PORCENTAJE DE HOSPITALES CON CAPACIDAD INSTALADA INADECUADA,ESTABLECIMIENTO DE SALUD,174,,0,
2452682,2452682,1.0,,En Programación,PORCENTAJE DE INSTALACIONES EDUCATIVAS QUE BRINDAN EL SERVICIO DE EDUCACIÓN INICIAL EN CONDICIONES INADECUADAS,LOCAL EDUCATIVO,188,,0,
2588741,2588741,1.0,,En Programación,PORCENTAJE DE INSTALACIONES DEPORTIVAS Y /O RECREATIVAS EN CONDICIONES INADECUADAS,INSTALACIONES DEPORTIVAS Y/O RECREATIVAS,269,,0,
2627291,2627291,264.0,,En Programación,PORCENTAJE DE LA POBLACIÓN URBANA SIN ACCESO A LOS SERVICIOS DE MOVILIDAD URBANA A TRAVÉS DE VÍAS URBANAS,PERSONAS,100,,0,
2520366,2520366,235.0,,En Programación,PORCENTAJE DE LA POBLACIÓN URBANA SIN ACCESO A LOS SERVICIOS DE MOVILIDAD URBANA A TRAVÉS DE VÍAS URBANAS,PERSONAS,100,,0,
2244494,2244494,5.6,,En Programación,PORCENTAJE DE LA RED VIAL VECINAL EN CONDICIONES INADECUADAS,KM,13,,0,
2466120,2466120,1.0,,En Programación,PORCENTAJE DE INSTALACIONES EDUCATIVAS QUE BRINDAN EL SERVICIO DE EDUCACIÓN PRIMARIA EN CONDICIONES INADECUADAS,LOCAL EDUCATIVO,188,,0,
2691162,2691162,121.0,,En Programación,PORCENTAJE DE LA POBLACIÓN URBANA SIN ACCESO A LOS SERVICIOS DE MOVILIDAD URBANA A TRAVÉS DE VÍAS URBANAS,PERSONAS,100,,0,
2324520,2324520,288.0,,En Cierre,PORCENTAJE DE LA POBLACIÓN RURAL SIN ACCESO AL SERVICIO DE AGUA POTABLE MEDIANTE RED PÚBLICA O PILETA PÚBLICA,PERSONAS,100,,-1648,
2596184,2596184,92.0,,En Programación,PORCENTAJE DE SUPERFICIE AGRÍCOLA SIN RIEGO TECNIFICADO,HA,17,,0,
2309952,2309952,150.0,,En Programación,PORCENTAJE DE LA POBLACIÓN RURAL SIN ACCESO AL SERVICIO DE AGUA POTABLE MEDIANTE RED PÚBLICA O PILETA PÚBLICA,PERSONAS,100,,0,
2338438,2338438,72.0,,En Programación,PORCENTAJE DE LA POBLACIÓN RURAL SIN ACCESO AL SERVICIO DE AGUA POTABLE MEDIANTE RED PÚBLICA O PILETA PÚBLICA,PERSONAS,100,,0,
2684431,2684431,1.0,,En Programación,PORCENTAJE DE SISTEMAS DE RIEGO QUE OPERAN EN CONDICIONES INADECUADAS,SISTEMA DE RIEGO,281,,0,
2395076,2395076,0.0,,En Programación,PORCENTAJE DE LA POBLACIÓN URBANA SIN ACCESO AL SERVICIO DE AGUA POTABLE MEDIANTE RED PÚBLICA O PILETA PÚBLICA,PERSONAS,100,,0,
2642432,2642432,1.0,,En Programación,PORCENTAJE DE INSTALACIONES EDUCATIVAS QUE BRINDAN EL SERVICIO DE EDUCACIÓN PRIMARIA EN CONDICIONES INADECUADAS,INSTALACIÓN EDUCATIVA,327,,0,
2131115,2131115,0.0,2026-03-09 21:22:27,En Programación,PORCENTAJE DE INSTALACIONES EDUCATIVAS QUE BRINDAN EL SERVICIO DE EDUCACIÓN SECUNDARIA EN CONDICIONES INADECUADAS,INSTALACIÓN EDUCATIVA,327,Validado,0,
2165499,2165499,6.0,,En Programación,PORCENTAJE DE INSTALACIONES EDUCATIVAS QUE BRINDAN EL SERVICIO DE EDUCACIÓN INICIAL EN CONDICIONES INADECUADAS,LOCAL EDUCATIVO,188,,0,
2617573,2617573,1.0,,En Cierre,PORCENTAJE DE INSTALACIONES DEPORTIVAS Y /O RECREATIVAS EN CONDICIONES INADECUADAS,INSTALACIONES DEPORTIVAS Y/O RECREATIVAS,269,,0,
2320661,2320661,474.0,,En Programación,PORCENTAJE DE LA POBLACIÓN RURAL SIN ACCESO AL SERVICIO DE AGUA POTABLE MEDIANTE RED PÚBLICA O PILETA PÚBLICA,PERSONAS,100,,0,
2480522,2480522,10.0,,En Programación,PORCENTAJE DE INSTALACIONES DEPORTIVAS Y /O RECREATIVAS EN CONDICIONES INADECUADAS,INSTALACIONES DEPORTIVAS Y/O RECREATIVAS,269,,0,
2616404,2616404,1.0,,En Programación,PORCENTAJE DE CEMENTERIOS CON CAPACIDAD INSTALADA INADECUADA,CEMENTERIO,289,,0,
2647097,2647097,615.01,,En Programación,PORCENTAJE DE M2 DE ESPACIOS PÚBLICOS PARA EL ESPARCIMIENTO Y RECREACIÓN EN ZONAS URBANAS POR IMPLEMENTAR,M2,15,,0,
2527652,2527652,80.0,,En Programación,PORCENTAJE DE PLATAFORMAS DE ATENCIÓN DE SERVICIOS DEL ESTADO POR IMPLEMENTAR,PERSONAS,100,,0,
2530482,2530482,100.0,,En Programación,PORCENTAJE DE UNIDADES DE SERENAZGO MUNICIPAL POR IMPLEMENTAR,UNIDAD DE SERENAZGO MUNICIPAL,276,,0,
2541814,2541814,54.0,,En Programación,PORCENTAJE DE VIVIENDAS EN EL ÁMBITO RURAL QUE NO CUENTAN CON SERVICIO ELÉCTRICO,VIVIENDA ATENDIDA,331,,0,
2715454,2715454,356.0,,En Programación,PORCENTAJE DE LA POBLACIÓN URBANA SIN ACCESO A LOS SERVICIOS DE MOVILIDAD URBANA A TRAVÉS DE VÍAS URBANAS,PERSONAS,100,,0,
2423388,2423388,2.0,,En Programación,PORCENTAJE DE PUNTOS CRÍTICOS EN RIBERA DE RÍO NO PROTEGIDOS ANTE PELIGROS,PUNTOS CRÍTICOS EN RIBERA DE RÍO,138,,0,
2650787,2650787,1.0,,En Programación,PORCENTAJE DE ÁREAS URBANAS SIN SERVICIO DE DRENAJE PLUVIAL,HA,17,,0,
2557718,2557718,752.0,,En Programación,PORCENTAJE DE INSTALACIONES DEPORTIVAS Y /O RECREATIVAS EN CONDICIONES INADECUADAS,INSTALACIONES DEPORTIVAS Y/O RECREATIVAS,269,,0,
2666634,2666634,505.0,,En Programación,PORCENTAJE DE LA POBLACIÓN RURAL SIN ACCESO AL SERVICIO DE AGUA POTABLE MEDIANTE RED PÚBLICA O PILETA PÚBLICA,PERSONAS,100,,0,
2451776,2451776,50.0,,En Programación,INDICADOR DE BRECHA POR DEFINIR,UNIDAD DE MEDIDA POR DEFINIR,305,,0,
2692290,2692290,1.0,,En Programación,PORCENTAJE DE HOSPITALES CON CAPACIDAD INSTALADA INADECUADA,ESTABLECIMIENTO DE SALUD,174,,0,
2432844,2432844,395.0,,En Programación,PORCENTAJE DE LA POBLACIÓN URBANA SIN ACCESO A LOS SERVICIOS DE MOVILIDAD URBANA A TRAVÉS DE VÍAS URBANAS,PERSONAS,100,,0,
2610614,2610614,0.1,,En Cierre,PORCENTAJE DE LA POBLACIÓN URBANA SIN ACCESO A LOS SERVICIOS DE MOVILIDAD URBANA A TRAVÉS DE VÍAS URBANAS,PERSONAS,100,,-233,En 70 días se vencerá el plazo para registrar la Sección C del Formato N° 09.
2335614,2335614,284.0,,En Programación,PORCENTAJE DE LA POBLACIÓN RURAL SIN ACCESO AL SERVICIO DE AGUA POTABLE MEDIANTE RED PÚBLICA O PILETA PÚBLICA,PERSONAS,100,,0,
2480722,2480722,90.0,,En Cierre,PORCENTAJE DE SUPERFICIE AGRÍCOLA SIN RIEGO TECNIFICADO,HA,17,,-1282,
2699566,2699566,0.08,,En Programación,PORCENTAJE DE LA RED VIAL VECINAL EN CONDICIONES INADECUADAS,KM,13,,0,
2709662,2709662,1.0,,En Programación,PORCENTAJE DE MERCADOS DE ABASTOS POR IMPLEMENTAR,MERCADO,280,,0,
2508582,2508582,2.0,,En Programación,PORCENTAJE DE INSTALACIONES EDUCATIVAS QUE BRINDAN EL SERVICIO DE EDUCACIÓN SECUNDARIA EN CONDICIONES INADECUADAS,INSTALACIÓN EDUCATIVA,327,,0,
2651835,2651835,1035.0,,En Programación,PORCENTAJE DE POBLACIÓN RURAL QUE NO TIENE CONTINUIDAD DEL SERVICIO DE AGUA POTABLE,PERSONAS,100,,0,
2681252,2681252,1.0,,En Programación,PORCENTAJE DE ESTABLECIMIENTOS DE SALUD DEL PRIMER NIVEL DE ATENCIÓN CON CAPACIDAD INSTALADA INADECUADA,ESTABLECIMIENTO DE SALUD,174,,0,
2689534,2689534,0.012,,En Programación,PORCENTAJE DE LA RED VIAL VECINAL EN CONDICIONES INADECUADAS,KM,13,,0,
2547741,2547741,1.0,,En Programación,PORCENTAJE DE SISTEMAS DE RIEGO QUE OPERAN EN CONDICIONES INADECUADAS,SISTEMA DE RIEGO,281,,0,
2329375,2329375,460.0,,En Programación,PORCENTAJE DE LA POBLACIÓN URBANA SIN ACCESO A LOS SERVICIOS DE MOVILIDAD URBANA A TRAVÉS DE VÍAS URBANAS,PERSONAS,100,,0,
2167952,2167952,0.08,,En Programación,PORCENTAJE DE ÁREAS URBANAS SIN SERVICIO DE DRENAJE PLUVIAL,HA,17,,0,
2619442,2619442,12.055,,En Programación,PORCENTAJE DE LA RED VIAL VECINAL EN CONDICIONES INADECUADAS,KM,13,,0,
2433564,2433564,245.0,,En Cierre,PORCENTAJE DE LA POBLACIÓN URBANA SIN ACCESO A LOS SERVICIOS DE MOVILIDAD URBANA A TRAVÉS DE VÍAS URBANAS,PERSONAS,100,,-1610,
2693598,2693598,1941.0,,En Programación,PORCENTAJE DE LA POBLACIÓN URBANA SIN ACCESO A LOS SERVICIOS DE MOVILIDAD URBANA A TRAVÉS DE VÍAS URBANAS,PERSONAS,100,,0,
2660367,2660367,233.95,,En Programación,PORCENTAJE DE M2 DE ESPACIOS PÚBLICOS PARA EL ESPARCIMIENTO Y RECREACIÓN EN ZONAS URBANAS POR IMPLEMENTAR,M2,15,,0,
2598839,2598839,1.0,,En Cierre,PORCENTAJE DE SERVICIOS OPERATIVOS O MISIONALES INSTITUCIONALES CON CAPACIDAD OPERATIVA INADECUADA,SERVICIOS OPERATIVOS O MISIONALES INSTITUCIONALES,181,,-272,
2602332,2602332,1.0,,En Programación,PORCENTAJE DE M2 DE ESPACIOS PÚBLICOS VERDES EN ZONAS URBANAS POR IMPLEMENTAR,M2,15,,0,
2504206,2504206,210.0,,En Programación,PORCENTAJE DE LA POBLACIÓN RURAL SIN ACCESO AL SERVICIO DE AGUA POTABLE MEDIANTE RED PÚBLICA O PILETA PÚBLICA,PERSONAS,100,,0,
2623066,2623066,310.0,,En Programación,PORCENTAJE DE LA POBLACIÓN URBANA SIN ACCESO A SERVICIOS DE ALCANTARILLADO U OTRAS FORMAS DE DISPOSICIÓN SANITARIA DE EXCRETAS,PERSONAS,100,,0,
2667883,2667883,1046.0,,En Programación,PORCENTAJE DE LA POBLACIÓN URBANA SIN ACCESO A LOS SERVICIOS DE MOVILIDAD URBANA A TRAVÉS DE VÍAS URBANAS,PERSONAS,100,,0,
2594822,2594822,0.002,,En Programación,PORCENTAJE DE LA RED VIAL VECINAL EN CONDICIONES INADECUADAS,KM,13,,0,
2523347,2523347,330.0,,En Cierre,PORCENTAJE DE LA POBLACIÓN URBANA SIN ACCESO A LOS SERVICIOS DE MOVILIDAD URBANA A TRAVÉS DE VÍAS URBANAS,PERSONAS,100,,-336,
2537519,2537519,0.5,,En Programación,PORCENTAJE DE SISTEMAS DE INFORMACIÓN QUE NO FUNCIONAN ADECUADAMENTE,SISTEMA DE INFORMACIÓN,166,,0,
2463306,2463306,41.91,,En Programación,PORCENTAJE DE SUPERFICIE AGRÍCOLA SIN RIEGO,HA,17,,0,
2234754,2234754,80.0,,En Programación,INDICADOR DE BRECHA POR DEFINIR,UNIDAD DE MEDIDA POR DEFINIR,305,,0,
2131121,2131121,0.0,2026-03-09 21:33:32,En Programación,PORCENTAJE DE INSTALACIONES EDUCATIVAS QUE BRINDAN EL SERVICIO DE EDUCACIÓN BÁSICA ALTERNATIVA EN CONDICIONES INADECUADAS,INSTALACIÓN EDUCATIVA,327,Validado,0,
2705730,2705730,823.0,,En Programación,PORCENTAJE DE SISTEMAS DE MANEJO DE RESIDUOS SÓLIDOS POR IMPLEMENTAR PARA LA PROVISIÓN DEL SERVICIO,SISTEMA DE MANEJO DE RESIDUOS SÓLIDOS,302,,0,
2694850,2694850,0.0,,En Cierre,,,0,,-66,En 64 días se vencerá el plazo para registrar la Sección C del Formato N° 09.
2534303,2534303,50.0,,En Programación,PORCENTAJE DE CENTROS MAC (MEJOR ATENCIÓN AL CIUDADANO) POR IMPLEMENTAR,CENTROS MAC,236,,0,
2657839,2657839,1.0,,En Programación,PORCENTAJE DE CENTROS DE PROTECCIÓN Y CUIDADO DIURNO POR IMPLEMENTAR,CENTROS DE PROTECCIÓN Y CUIDADO DIURNO,300,,0,
2513814,2513814,160.81,,En Programación,PORCENTAJE DE SUPERFICIE AGRÍCOLA SIN RIEGO,HA,17,,0,
2552669,2552669,350.0,,En Programación,PORCENTAJE DE LA POBLACIÓN URBANA SIN ACCESO A SERVICIOS DE ALCANTARILLADO U OTRAS FORMAS DE DISPOSICIÓN SANITARIA DE EXCRETAS,PERSONAS,100,,0,
2459555,2459555,0.0,,En Programación,PORCENTAJE DE LA RED VIAL VECINAL EN CONDICIONES INADECUADAS,KM,13,,0,
2645720,2645720,304.0,,En Programación,PORCENTAJE DE LA POBLACIÓN URBANA SIN ACCESO A LOS SERVICIOS DE MOVILIDAD URBANA A TRAVÉS DE VÍAS URBANAS,PERSONAS,100,,0,
2712587,2712587,1.0,,En Programación,PORCENTAJE DE SEDES JUDICIALES QUE OPERAN EN CONDICIONES INADECUADAS,SEDE JUDICIAL,330,,0,
2508568,2508568,1.0,,En Programación,PORCENTAJE DE INSTALACIONES EDUCATIVAS QUE BRINDAN EL SERVICIO DE EDUCACIÓN PRIMARIA EN CONDICIONES INADECUADAS,INSTALACIÓN EDUCATIVA,327,,0,
2483285,2483285,2040.0,,En Programación,PORCENTAJE DE LA POBLACIÓN URBANA SIN ACCESO A LOS SERVICIOS DE MOVILIDAD URBANA A TRAVÉS DE VÍAS URBANAS,PERSONAS,100,,0,
2713712,2713712,1.0,,En Programación,PORCENTAJE DE INSTALACIONES DEPORTIVAS Y /O RECREATIVAS EN CONDICIONES INADECUADAS,INSTALACIONES DEPORTIVAS Y/O RECREATIVAS,269,,0,
2457931,2457931,14.0,,En Programación,PORCENTAJE DE SUPERFICIE AGRÍCOLA SIN RIEGO,HA,17,,0,
2705280,2705280,1.0,,En Programación,PORCENTAJE DE PUNTOS CRÍTICOS EN RIBERA DE RÍO NO PROTEGIDOS ANTE PELIGROS,PUNTOS CRÍTICOS EN RIBERA DE RÍO,138,,0,
2502134,2502134,38.05,,En Programación,PORCENTAJE DE LA RED VIAL VECINAL EN CONDICIONES INADECUADAS,KM,13,,0,
2659607,2659607,828.0,,En Programación,PORCENTAJE DE M2 DE ESPACIOS PÚBLICOS PARA EL ESPARCIMIENTO Y RECREACIÓN EN ZONAS URBANAS POR IMPLEMENTAR,M2,15,,0,
2703429,2703429,8.8,,En Programación,PORCENTAJE DE LA RED VIAL VECINAL EN CONDICIONES INADECUADAS,KM,13,,0,
2716925,2716925,1.0,,En Programación,PORCENTAJE DE INSTALACIONES DEPORTIVAS Y /O RECREATIVAS EN CONDICIONES INADECUADAS,INSTALACIONES DEPORTIVAS Y/O RECREATIVAS,269,,0,
2655445,2655445,4359.0,,En Programación,PORCENTAJE DE M2 DE ESPACIOS PÚBLICOS PARA EL ESPARCIMIENTO Y RECREACIÓN EN ZONAS URBANAS POR IMPLEMENTAR,M2,15,,0,
2708377,2708377,5.8,,En Programación,PORCENTAJE DE LA RED VIAL VECINAL EN CONDICIONES INADECUADAS,KM,13,,0,
2569808,2569808,50.0,,En Programación,PORCENTAJE DE PRODUCTORES AGROPECUARIOS SIN SERVICIO DE ASISTENCIA TÉCNICA,PRODUCTORES ASISTIDOS,195,,0,
2701241,2701241,1.0,,En Programación,PORCENTAJE DE SERVICIOS OPERATIVOS O MISIONALES INSTITUCIONALES CON CAPACIDAD OPERATIVA INADECUADA,SERVICIOS OPERATIVOS O MISIONALES INSTITUCIONALES,181,,0,
2268151,2268151,1.0,,En Programación,PORCENTAJE DE INSTALACIONES EDUCATIVAS QUE BRINDAN EL SERVICIO DE EDUCACIÓN INICIAL EN CONDICIONES INADECUADAS,INSTALACIÓN EDUCATIVA,327,,0,
2707086,2707086,1.0,,En Programación,PORCENTAJE DE INSTALACIONES DEPORTIVAS QUE BRINDAN EL SERVICIO DEPORTIVO DE COMPETENCIA EN CONDICIONES INADECUADAS,INSTALACIÓN DEPORTIVA,156,,0,
2481240,2481240,20.5,,En Programación,PORCENTAJE DE SUPERFICIE AGRÍCOLA SIN RIEGO,HA,17,,0,
2624701,2624701,27.0,,En Programación,PORCENTAJE DE LA POBLACIÓN RURAL SIN ACCESO AL SERVICIO DE AGUA POTABLE MEDIANTE RED PÚBLICA O PILETA PÚBLICA,PERSONAS,100,,0,
2153326,2153326,5.0,,En Programación,PORCENTAJE DE LA RED VIAL VECINAL EN CONDICIONES INADECUADAS,KM,13,,0,
2711693,2711693,1278.0,,En Programación,PORCENTAJE DE PERSONAS QUE NO PARTICIPAN DE LOS SERVICIOS DEPORTIVOS RECREATIVOS RESPECTO A LA POBLACIÓN TOTAL,USUARIO/AÑO,128,,0,
2614924,2614924,0.22,,En Programación,PORCENTAJE DE VIVIENDAS EN EL ÁMBITO URBANO SIN ACCESO AL SERVICIO DE ENERGÍA ELÉCTRICA,VIVIENDA ATENDIDA,331,,0,
2708173,2708173,125.0,,En Programación,PORCENTAJE DE LA POBLACIÓN RURAL SIN ACCESO AL SERVICIO DE AGUA POTABLE MEDIANTE RED PÚBLICA O PILETA PÚBLICA,PERSONAS,100,,0,
2476686,2476686,442.0,2026-03-18 20:43:52,En Programación,PORCENTAJE DE LA POBLACIÓN URBANA SIN ACCESO A LOS SERVICIOS DE MOVILIDAD URBANA A TRAVÉS DE VÍAS URBANAS,PERSONAS,100,Validado,0,
2692733,2692733,1070.0,,En Programación,PORCENTAJE DE M2 DE ESPACIOS PÚBLICOS PARA EL ESPARCIMIENTO Y RECREACIÓN EN ZONAS URBANAS POR IMPLEMENTAR,M2,15,,0,
2569621,2569621,1.0,,En Programación,PORCENTAJE DE SERVICIOS OPERATIVOS O MISIONALES INSTITUCIONALES CON CAPACIDAD OPERATIVA INADECUADA,SERVICIOS OPERATIVOS O MISIONALES INSTITUCIONALES,181,,0,
2560808,2560808,0.85,,En Programación,PORCENTAJE DE ESTABLECIMIENTOS DE SALUD DEL PRIMER NIVEL DE ATENCIÓN CON CAPACIDAD INSTALADA INADECUADA,ESTABLECIMIENTO DE SALUD,174,,0,
2489117,2489117,1444.0,,En Programación,PORCENTAJE DE UNIDADES DE SERENAZGO MUNICIPAL QUE OPERAN EN CONDICIONES INADECUADAS,UNIDAD DE SERENAZGO MUNICIPAL,276,,0,
2461468,2461468,3686.0,,En Cierre,PORCENTAJE DE LA POBLACIÓN URBANA SIN ACCESO A LOS SERVICIOS DE MOVILIDAD URBANA A TRAVÉS DE VÍAS URBANAS,PERSONAS,100,,-1185,
2530364,2530364,164.0,,En Programación,PORCENTAJE DE LA POBLACIÓN RURAL SIN ACCESO AL SERVICIO DE AGUA POTABLE MEDIANTE RED PÚBLICA O PILETA PÚBLICA,PERSONAS,100,,0,
2691575,2691575,6.78,,En Programación,PORCENTAJE DE LA RED VIAL VECINAL EN CONDICIONES INADECUADAS,KM,13,,0,
2481225,2481225,14.5,,En Programación,PORCENTAJE DE LA RED VIAL VECINAL EN CONDICIONES INADECUADAS,KM,13,,0,
2568502,2568502,80.0,,En Programación,PORCENTAJE DE LA POBLACIÓN RURAL SIN ACCESO AL SERVICIO DE AGUA POTABLE MEDIANTE RED PÚBLICA O PILETA PÚBLICA,PERSONAS,100,,0,
2666520,2666520,327.66,,En Programación,PORCENTAJE DE M2 DE ESPACIOS PÚBLICOS VERDES EN ZONAS URBANAS POR IMPLEMENTAR,M2,15,,0,
2250100,2250100,1.0,,En Programación,PORCENTAJE DE RECURSOS TURÍSTICOS PRIORIZADOS QUE BRINDAN SERVICIOS TURÍSTICOS PÚBLICOS EN CONDICIONES INADECUADAS,RECURSO TURÍSTICO,151,,0,
2720117,2720117,1.0,,En Programación,PORCENTAJE DEL SERVICIO DE DISTRIBUCIÓN DE ENERGÍA ELÉCTRICA CON DEFICIENCIAS,DEFICIENCIAS,170,,0,
2665590,2665590,1.0,,En Programación,PORCENTAJE DE INSTALACIONES EDUCATIVAS QUE BRINDAN EL SERVICIO DE EDUCACIÓN PRIMARIA EN CONDICIONES INADECUADAS,INSTALACIÓN EDUCATIVA,327,,0,
2099020,2099020,0.0,,En Cierre,,,0,,0,
2698600,2698600,1.0,,En Programación,PORCENTAJE DE INSTALACIONES EDUCATIVAS QUE BRINDAN EL SERVICIO DE EDUCACIÓN INICIAL EN CONDICIONES INADECUADAS,INSTALACIÓN EDUCATIVA,327,,0,
2688467,2688467,1.0,,En Programación,PORCENTAJE DE INSTALACIONES DEPORTIVAS Y /O RECREATIVAS EN CONDICIONES INADECUADAS,INSTALACIONES DEPORTIVAS Y/O RECREATIVAS,269,,0,
2625576,2625576,1.0,,En Programación,PORCENTAJE DE SERVICIOS OPERATIVOS O MISIONALES INSTITUCIONALES CON CAPACIDAD OPERATIVA INADECUADA,SERVICIOS OPERATIVOS O MISIONALES INSTITUCIONALES,181,,0,
2709847,2709847,1.0,,En Programación,PORCENTAJE DE INSTALACIONES EDUCATIVAS QUE BRINDAN EL SERVICIO DE EDUCACIÓN INICIAL EN CONDICIONES INADECUADAS,INSTALACIÓN EDUCATIVA,327,,0,
2685030,2685030,3000.0,,En Programación,PORCENTAJE DE LA POBLACIÓN URBANA SIN ACCESO A LOS SERVICIOS DE MOVILIDAD URBANA A TRAVÉS DE VÍAS URBANAS,PERSONAS,100,,0,
2520687,2520687,43067.0,,En Programación,PORCENTAJE DE LA RED VIAL VECINAL EN CONDICIONES INADECUADAS,KM,13,,0,
2614987,2614987,69.0,,En Programación,PORCENTAJE DE LA POBLACIÓN RURAL SIN ACCESO AL SERVICIO DE AGUA POTABLE MEDIANTE RED PÚBLICA O PILETA PÚBLICA,PERSONAS,100,,0,
2689758,2689758,0.025,,En Programación,PORCENTAJE DE LA RED VIAL VECINAL EN CONDICIONES INADECUADAS,KM,13,,0,
2308975,2308975,21.0,,En Programación,PORCENTAJE DE SUPERFICIE AGRÍCOLA SIN RIEGO TECNIFICADO,HA,17,,0,
2468430,2468430,100.0,,En Programación,PORCENTAJE DE INSTALACIONES DEPORTIVAS Y /O RECREATIVAS EN CONDICIONES INADECUADAS,INSTALACIONES DEPORTIVAS Y/O RECREATIVAS,269,,0,
2531198,2531198,6290.0,,En Programación,PORCENTAJE DE LA POBLACIÓN URBANA SIN ACCESO A LOS SERVICIOS DE MOVILIDAD URBANA A TRAVÉS DE VÍAS URBANAS,PERSONAS,100,,0,
2338256,2338256,812.0,,En Programación,PORCENTAJE DE LA POBLACIÓN RURAL SIN ACCESO AL SERVICIO DE AGUA POTABLE MEDIANTE RED PÚBLICA O PILETA PÚBLICA,PERSONAS,100,,0,
2494818,2494818,698.0,,En Programación,PORCENTAJE DE LA POBLACIÓN URBANA SIN ACCESO A LOS SERVICIOS DE MOVILIDAD URBANA A TRAVÉS DE VÍAS URBANAS,PERSONAS,100,,0,
2562779,2562779,1.0,,En Programación,PORCENTAJE DE INSTALACIONES DEPORTIVAS Y /O RECREATIVAS EN CONDICIONES INADECUADAS,INSTALACIONES DEPORTIVAS Y/O RECREATIVAS,269,,0,
2438348,2438348,0.0,2026-03-12 16:28:35,En Programación,PORCENTAJE DE ESTABLECIMIENTOS DE SALUD DEL PRIMER NIVEL DE ATENCIÓN CON CAPACIDAD INSTALADA INADECUADA,ESTABLECIMIENTO DE SALUD,174,Validado,0,
2076673,2076673,100.0,,En Programación,PORCENTAJE DE INSTALACIONES EDUCATIVAS QUE BRINDAN EL SERVICIO DE EDUCACIÓN INICIAL EN CONDICIONES INADECUADAS,LOCAL EDUCATIVO,188,,0,
2526438,2526438,2200.0,,En Programación,PORCENTAJE DE INSTALACIONES DEPORTIVAS Y /O RECREATIVAS EN CONDICIONES INADECUADAS,INSTALACIONES DEPORTIVAS Y/O RECREATIVAS,269,,0,
2611786,2611786,0.01,,En Cierre,PORCENTAJE DE SEDES JUDICIALES QUE OPERAN EN CONDICIONES INADECUADAS,SEDE JUDICIAL,330,,-465,
2622020,2622020,1.0,,En Programación,PORCENTAJE DE INSTALACIONES DEPORTIVAS Y /O RECREATIVAS EN CONDICIONES INADECUADAS,INSTALACIONES DEPORTIVAS Y/O RECREATIVAS,269,,0,
2589727,2589727,100.0,,En Programación,PORCENTAJE DE BIBLIOTECAS PÚBLICAS EN CONDICIONES INADECUADAS,BIBLIOTECA,176,,0,
2632679,2632679,1102.12,,En Programación,PORCENTAJE DE M2 DE ESPACIOS PÚBLICOS PARA EL ESPARCIMIENTO Y RECREACIÓN EN ZONAS URBANAS POR IMPLEMENTAR,M2,15,,0,
2607046,2607046,100.0,,En Programación,PORCENTAJE DE INSTALACIONES DEPORTIVAS Y /O RECREATIVAS EN CONDICIONES INADECUADAS,INSTALACIONES DEPORTIVAS Y/O RECREATIVAS,269,,0,
2603415,2603415,1.0,,En Programación,PORCENTAJE DE SISTEMAS DE RIEGO QUE OPERAN EN CONDICIONES INADECUADAS,SISTEMA DE RIEGO,281,,0,
2664599,2664599,600.0,,En Programación,PORCENTAJE DE PRODUCTORES AGROPECUARIOS SIN SERVICIO DE ASISTENCIA TÉCNICA,PRODUCTORES ASISTIDOS,195,,0,
2386567,2386567,0.1,,En Programación,PORCENTAJE DEL SERVICIO DE TRANSMISIÓN Y SUBTRANSMISIÓN DE ENERGÍA ELÉCTRICA POR ATENDER,KM,13,,0,
2626823,2626823,1.0,,En Programación,PORCENTAJE DE INSTALACIONES EDUCATIVAS QUE BRINDAN EL SERVICIO DE EDUCACIÓN INICIAL EN CONDICIONES INADECUADAS,INSTALACIÓN EDUCATIVA,327,,0,
2551907,2551907,10.0,,En Programación,PORCENTAJE DE PLATAFORMAS DE ATENCIÓN DE SERVICIOS DEL ESTADO POR IMPLEMENTAR,PERSONAS,100,,0,
2586825,2586825,739.0,,En Programación,PORCENTAJE DE PRODUCTORES AGROPECUARIOS SIN SERVICIO DE ASISTENCIA TÉCNICA,PRODUCTORES ASISTIDOS,195,,0,
2305020,2305020,80.0,,En Programación,PORCENTAJE DE PUNTOS CRÍTICOS EN LAS QUEBRADAS NO PROTEGIDAS ANTE PELIGROS,PUNTOS CRÍTICOS EN QUEBRADA,248,,0,
2493215,2493215,60.0,,En Programación,PORCENTAJE DE SISTEMAS DE RIEGO QUE OPERAN EN CONDICIONES INADECUADAS,SISTEMA DE RIEGO,281,,0,
2576215,2576215,1.0,,En Programación,PORCENTAJE DE INSTALACIONES EDUCATIVAS QUE BRINDAN EL SERVICIO DE EDUCACIÓN PRIMARIA EN CONDICIONES INADECUADAS,INSTALACIÓN EDUCATIVA,327,,0,
2420399,2420399,1.0,,En Programación,PORCENTAJE DE SERVICIOS OPERATIVOS O MISIONALES INSTITUCIONALES CON CAPACIDAD OPERATIVA INADECUADA,SERVICIOS OPERATIVOS O MISIONALES INSTITUCIONALES,181,,0,
2324087,2324087,44924.0,,En Programación,PORCENTAJE DE LA POBLACIÓN URBANA SIN ACCESO A LOS SERVICIOS DE MOVILIDAD URBANA A TRAVÉS DE VÍAS URBANAS,PERSONAS,100,,0,
2538556,2538556,100.0,,En Programación,PORCENTAJE DEL SERVICIO DE DISTRIBUCIÓN DE ENERGÍA ELÉCTRICA CON DEFICIENCIAS,DEFICIENCIAS,170,,0,
2687769,2687769,500.0,,En Programación,PORCENTAJE DE PERSONAS QUE NO PARTICIPAN DE LOS SERVICIOS DEPORTIVOS RECREATIVOS RESPECTO A LA POBLACIÓN TOTAL,USUARIO/AÑO,128,,0,
2656973,2656973,1600.0,,En Programación,PORCENTAJE DE M2 DE ESPACIOS PÚBLICOS PARA EL ESPARCIMIENTO Y RECREACIÓN EN ZONAS URBANAS POR IMPLEMENTAR,M2,15,,0,
2606568,2606568,1080.0,,En Programación,PORCENTAJE DE LA POBLACIÓN RURAL SIN ACCESO AL SERVICIO DE AGUA POTABLE MEDIANTE RED PÚBLICA O PILETA PÚBLICA,PERSONAS,100,,0,
2593697,2593697,1.0,,En Programación,PORCENTAJE DE SERVICIOS OPERATIVOS O MISIONALES INSTITUCIONALES CON CAPACIDAD OPERATIVA INADECUADA,SERVICIOS OPERATIVOS O MISIONALES INSTITUCIONALES,181,,0,
2627288,2627288,715.0,,En Programación,PORCENTAJE DE LA POBLACIÓN URBANA SIN ACCESO A LOS SERVICIOS DE MOVILIDAD URBANA A TRAVÉS DE VÍAS URBANAS,PERSONAS,100,,0,
2325007,2325007,66.0,,En Programación,PORCENTAJE DE INSTALACIONES EDUCATIVAS QUE BRINDAN EL SERVICIO DE EDUCACIÓN PRIMARIA EN CONDICIONES INADECUADAS,INSTALACIÓN EDUCATIVA,327,,0,
2697388,2697388,1.0,,En Programación,PORCENTAJE DE ESTABLECIMIENTOS DE SALUD DEL PRIMER NIVEL DE ATENCIÓN CON CAPACIDAD INSTALADA INADECUADA,ESTABLECIMIENTO DE SALUD,174,,0,
2277144,2277144,247.0,,En Programación,PORCENTAJE DE LA POBLACIÓN URBANA SIN ACCESO A LOS SERVICIOS DE MOVILIDAD URBANA A TRAVÉS DE VÍAS URBANAS,PERSONAS,100,,0,
2593439,2593439,100.0,,En Programación,PORCENTAJE DE LA POBLACIÓN URBANA SIN ACCESO A LOS SERVICIOS DE MOVILIDAD URBANA A TRAVÉS DE VÍAS URBANAS,PERSONAS,100,,0,
2540380,2540380,1294.0,,En Programación,PORCENTAJE DE M2 DE ESPACIOS PÚBLICOS PARA EL ESPARCIMIENTO Y RECREACIÓN EN ZONAS URBANAS POR IMPLEMENTAR,M2,15,,0,
2567345,2567345,9.97,,En Programación,PORCENTAJE DE LA RED VIAL VECINAL EN CONDICIONES INADECUADAS,KM,13,,0,
2676001,2676001,54746.0,,En Programación,PORCENTAJE DE LA POBLACIÓN URBANA SIN ACCESO A LOS SERVICIOS DE MOVILIDAD URBANA A TRAVÉS DE VÍAS URBANAS,PERSONAS,100,,0,
2518188,2518188,100.0,,En Programación,PORCENTAJE DE LA POBLACIÓN RURAL SIN ACCESO AL SERVICIO DE AGUA POTABLE MEDIANTE RED PÚBLICA O PILETA PÚBLICA,PERSONAS,100,,0,
2475326,2475326,1382.0,,En Programación,PORCENTAJE DE LA POBLACIÓN URBANA SIN ACCESO A LOS SERVICIOS DE MOVILIDAD URBANA A TRAVÉS DE VÍAS URBANAS,PERSONAS,100,,0,
2722039,2722039,6600.0,,En Programación,PORCENTAJE DE LA POBLACIÓN URBANA SIN ACCESO A LOS SERVICIOS DE MOVILIDAD URBANA A TRAVÉS DE VÍAS URBANAS,PERSONAS,100,,0,
2281935,2281935,2691.0,,En Programación,PORCENTAJE DE LA POBLACIÓN URBANA SIN ACCESO A LOS SERVICIOS DE MOVILIDAD URBANA A TRAVÉS DE VÍAS URBANAS,PERSONAS,100,,0,
2618814,2618814,1.0,,En Programación,PORCENTAJE DE SISTEMAS DE RIEGO QUE OPERAN EN CONDICIONES INADECUADAS,SISTEMA DE RIEGO,281,,0,
2698261,2698261,0.0,,En Programación,PORCENTAJE DE INSTALACIONES EDUCATIVAS QUE BRINDAN EL SERVICIO DE EDUCACIÓN SECUNDARIA EN CONDICIONES INADECUADAS,INSTALACIÓN EDUCATIVA,327,,0,
2483598,2483598,5.0,,En Programación,PORCENTAJE DE LA RED VIAL VECINAL EN CONDICIONES INADECUADAS,KM,13,,0,
2377900,2377900,4605.0,,En Programación,PORCENTAJE DE LA POBLACIÓN URBANA SIN ACCESO A LOS SERVICIOS DE MOVILIDAD URBANA A TRAVÉS DE VÍAS URBANAS,PERSONAS,100,,0,
2484944,2484944,9.76,,En Programación,PORCENTAJE DE SUPERFICIE AGRÍCOLA SIN RIEGO TECNIFICADO,HA,17,,0,
2017492,2017492,1.0,,En Programación,INDICADOR DE BRECHA POR DEFINIR,UNIDAD DE MEDIDA POR DEFINIR,305,,0,
2627199,2627199,6.4,,En Programación,PORCENTAJE DE LA RED VIAL VECINAL EN CONDICIONES INADECUADAS,KM,13,,0,
2711150,2711150,3.89,,En Programación,PORCENTAJE DE LA RED VIAL VECINAL EN CONDICIONES INADECUADAS,KM,13,,0,
2510035,2510035,1.0,,En Programación,PORCENTAJE DE CENTROS MAC (MEJOR ATENCIÓN AL CIUDADANO) CON CAPACIDAD OPERATIVA INADECUADA,CENTROS MAC,236,,0,
2694452,2694452,1.0,,En Programación,PORCENTAJE DE M2 DE ESPACIOS PÚBLICOS VERDES EN ZONAS URBANAS POR IMPLEMENTAR,M2,15,,0,
2511432,2511432,840.0,,En Programación,PORCENTAJE DE LA POBLACIÓN URBANA SIN ACCESO A LOS SERVICIOS DE MOVILIDAD URBANA A TRAVÉS DE VÍAS URBANAS,PERSONAS,100,,0,
2503238,2503238,1.0,,En Programación,PORCENTAJE DE INSTALACIONES EDUCATIVAS QUE BRINDAN EL SERVICIO DE EDUCACIÓN PRIMARIA EN CONDICIONES INADECUADAS,LOCAL EDUCATIVO,188,,0,
2699467,2699467,58.0,,En Programación,PORCENTAJE DE SUPERFICIE AGRÍCOLA SIN RIEGO TECNIFICADO,HA,17,,0,
2551347,2551347,1.0,,En Programación,PORCENTAJE DE INSTALACIONES DEPORTIVAS Y /O RECREATIVAS EN CONDICIONES INADECUADAS,INSTALACIONES DEPORTIVAS Y/O RECREATIVAS,269,,0,
2458244,2458244,1.0,,En Programación,PORCENTAJE DE MERCADOS DE ABASTOS QUE OPERAN EN CONDICIONES INADECUADAS,MERCADO,280,,0,
2537363,2537363,1.0,,En Programación,PORCENTAJE DE INSTALACIONES DEPORTIVAS Y /O RECREATIVAS EN CONDICIONES INADECUADAS,INSTALACIONES DEPORTIVAS Y/O RECREATIVAS,269,,0,
2368594,2368594,1.0,,En Programación,PORCENTAJE DE INSTALACIONES EDUCATIVAS QUE BRINDAN EL SERVICIO DE EDUCACIÓN PRIMARIA EN CONDICIONES INADECUADAS,LOCAL EDUCATIVO,188,,0,
2503611,2503611,2.0,,En Programación,PORCENTAJE DE LA RED VIAL VECINAL EN CONDICIONES INADECUADAS,KM,13,,0,
2646140,2646140,96.0,,En Programación,PORCENTAJE DE LA POBLACIÓN RURAL SIN ACCESO AL SERVICIO DE AGUA POTABLE MEDIANTE RED PÚBLICA O PILETA PÚBLICA,PERSONAS,100,,0,
2715358,2715358,1.0,,En Programación,PORCENTAJE DE INSTALACIONES DEPORTIVAS Y /O RECREATIVAS EN CONDICIONES INADECUADAS,INSTALACIONES DEPORTIVAS Y/O RECREATIVAS,269,,0,
2639027,2639027,1.0,,En Programación,PORCENTAJE DE SERVICIOS OPERATIVOS O MISIONALES INSTITUCIONALES CON CAPACIDAD OPERATIVA INADECUADA,SERVICIOS OPERATIVOS O MISIONALES INSTITUCIONALES,181,,0,
2620991,2620991,1.0,,En Programación,PORCENTAJE DE SERVICIOS OPERATIVOS O MISIONALES INSTITUCIONALES CON CAPACIDAD OPERATIVA INADECUADA,SERVICIOS OPERATIVOS O MISIONALES INSTITUCIONALES,181,,0,
2696518,2696518,0.006,,En Programación,PORCENTAJE DE LA RED VIAL VECINAL EN CONDICIONES INADECUADAS,KM,13,,0,
2055268,2055268,0.0,,En Cierre,,,0,,0,
2529045,2529045,1264.0,,En Programación,PORCENTAJE DE LA POBLACIÓN URBANA SIN ACCESO A SERVICIOS DE ALCANTARILLADO U OTRAS FORMAS DE DISPOSICIÓN SANITARIA DE EXCRETAS,PERSONAS,100,,0,
2114952,2114952,12.73,,En Programación,PORCENTAJE DE LA RED VIAL VECINAL EN CONDICIONES INADECUADAS,KM,13,,0,
2651324,2651324,1.0,,En Programación,PORCENTAJE DE INSTALACIONES EDUCATIVAS QUE BRINDAN EL SERVICIO DE EDUCACIÓN SECUNDARIA EN CONDICIONES INADECUADAS,INSTALACIÓN EDUCATIVA,327,,0,
2553787,2553787,1253.0,,En Cierre,PORCENTAJE DE LA POBLACIÓN URBANA SIN ACCESO A LOS SERVICIOS DE MOVILIDAD URBANA A TRAVÉS DE VÍAS URBANAS,PERSONAS,100,,-638,
2377643,2377643,7.3,,En Programación,PORCENTAJE DE M2 DE ESPACIOS PÚBLICOS VERDES EN ZONAS URBANAS POR IMPLEMENTAR,M2,15,,0,
2640959,2640959,0.016,,En Programación,PORCENTAJE DE LA RED VIAL VECINAL EN CONDICIONES INADECUADAS,KM,13,,0,
2680389,2680389,1.0,,En Programación,PORCENTAJE DE ESCUELAS PROFESIONALES EN LAS UNIVERSIDADES PÚBLICAS POR IMPLEMENTAR,PERSONA/AÑO,24,,0,
2304277,2304277,2365.0,,En Programación,PORCENTAJE DE LA POBLACIÓN URBANA SIN ACCESO A LOS SERVICIOS DE MOVILIDAD URBANA A TRAVÉS DE VÍAS URBANAS,PERSONAS,100,,0,
2483849,2483849,1145.513,,En Programación,PORCENTAJE DE M2 DE ESPACIOS PÚBLICOS PARA EL ESPARCIMIENTO Y RECREACIÓN EN ZONAS URBANAS POR IMPLEMENTAR,M2,15,,0,
2415418,2415418,509.0,,En Programación,PORCENTAJE DE PERSONAS QUE NO PARTICIPAN DE LOS SERVICIOS DEPORTIVOS RECREATIVOS RESPECTO A LA POBLACIÓN TOTAL,USUARIO/AÑO,128,,0,
2707541,2707541,1.0,,En Programación,PORCENTAJE DE PUNTOS CRÍTICOS EN RIBERA DE RÍO NO PROTEGIDOS ANTE PELIGROS,PUNTOS CRÍTICOS EN RIBERA DE RÍO,138,,0,
2685336,2685336,110.0,,En Programación,PORCENTAJE DE PERSONAS QUE NO PARTICIPAN DE LOS SERVICIOS DEPORTIVOS RECREATIVOS RESPECTO A LA POBLACIÓN TOTAL,USUARIO/AÑO,128,,0,
2476239,2476239,1.0,,En Programación,PORCENTAJE DE INSTALACIONES DEPORTIVAS Y /O RECREATIVAS EN CONDICIONES INADECUADAS,INSTALACIONES DEPORTIVAS Y/O RECREATIVAS,269,,0,
2658639,2658639,146.0,,En Programación,PORCENTAJE DE LA POBLACIÓN RURAL SIN ACCESO AL SERVICIO DE AGUA POTABLE MEDIANTE RED PÚBLICA O PILETA PÚBLICA,PERSONAS,100,,0,
2457333,2457333,100.0,,En Programación,INDICADOR DE BRECHA POR DEFINIR,UNIDAD DE MEDIDA POR DEFINIR,305,,0,
2500094,2500094,10.0,,En Programación,PORCENTAJE DE PUNTOS CRÍTICOS EN LAS QUEBRADAS NO PROTEGIDAS ANTE PELIGROS,PUNTOS CRÍTICOS EN QUEBRADA,248,,0,
2451789,2451789,1.0,,En Programación,PORCENTAJE DE M2 DE ESPACIOS PÚBLICOS PARA EL ESPARCIMIENTO Y RECREACIÓN EN ZONAS URBANAS POR IMPLEMENTAR,M2,15,,0,
2296393,2296393,51.2,,En Programación,PORCENTAJE DE SUPERFICIE AGRÍCOLA SIN RIEGO TECNIFICADO,HA,17,,0,
2494742,2494742,250.0,,En Programación,PORCENTAJE DE LA POBLACIÓN URBANA SIN ACCESO A LOS SERVICIOS DE MOVILIDAD URBANA A TRAVÉS DE VÍAS URBANAS,PERSONAS,100,,0,
2512456,2512456,10.0,,En Programación,PORCENTAJE DE PERSONAS QUE NO PARTICIPAN DE LOS SERVICIOS DEPORTIVOS RECREATIVOS RESPECTO A LA POBLACIÓN TOTAL,USUARIO/AÑO,128,,0,
2178726,2178726,87.0,,En Programación,PORCENTAJE DE LA POBLACIÓN RURAL SIN ACCESO AL SERVICIO DE AGUA POTABLE MEDIANTE RED PÚBLICA O PILETA PÚBLICA,PERSONAS,100,,0,
2559287,2559287,1.0,,En Programación,PORCENTAJE DE INSTALACIONES DEPORTIVAS Y /O RECREATIVAS EN CONDICIONES INADECUADAS,INSTALACIONES DEPORTIVAS Y/O RECREATIVAS,269,,0,
2472959,2472959,100.0,,En Programación,PORCENTAJE DE LA RED VIAL VECINAL EN CONDICIONES INADECUADAS,KM,13,,0,
2573188,2573188,5.0,,En Programación,PORCENTAJE DE UNIDADES DE SERENAZGO MUNICIPAL POR IMPLEMENTAR,UNIDAD DE SERENAZGO MUNICIPAL,276,,0,
2190748,2190748,1.0,,En Programación,PORCENTAJE DE INSTALACIONES EDUCATIVAS QUE BRINDAN EL SERVICIO DE EDUCACIÓN PRIMARIA EN CONDICIONES INADECUADAS,LOCAL EDUCATIVO,188,,0,
2623126,2623126,340.0,,En Programación,PORCENTAJE DE LA POBLACIÓN RURAL SIN ACCESO AL SERVICIO DE AGUA POTABLE MEDIANTE RED PÚBLICA O PILETA PÚBLICA,PERSONAS,100,,0,
2688498,2688498,135.26,,En Programación,PORCENTAJE DE LA RED VIAL DEPARTAMENTAL POR IMPLEMENTAR,KM,13,,0,
2703163,2703163,20.0,,En Programación,PORCENTAJE DE SUPERFICIE AGRÍCOLA SIN RIEGO,HA,17,,0,
2665819,2665819,100.0,,En Programación,PORCENTAJE DE ESTABLECIMIENTOS DE SALUD DEL PRIMER NIVEL DE ATENCIÓN CON CAPACIDAD INSTALADA INADECUADA,ESTABLECIMIENTO DE SALUD,174,,0,
2452032,2452032,20.0,,En Cierre,,CAPITAL DE DISTRITO,173,,0,
2562843,2562843,1084.0,,En Programación,PORCENTAJE DE M2 DE ESPACIOS PÚBLICOS PARA EL ESPARCIMIENTO Y RECREACIÓN EN ZONAS URBANAS POR IMPLEMENTAR,M2,15,,0,
2630438,2630438,1.0,,En Programación,PORCENTAJE DE INSTALACIONES EDUCATIVAS QUE BRINDAN EL SERVICIO DE EDUCACIÓN INICIAL EN CONDICIONES INADECUADAS,INSTALACIÓN EDUCATIVA,327,,0,
2511164,2511164,1.0,,En Programación,PORCENTAJE DE ESTABLECIMIENTOS DE SALUD DEL PRIMER NIVEL DE ATENCIÓN CON CAPACIDAD INSTALADA INADECUADA,ESTABLECIMIENTO DE SALUD,174,,0,
2448712,2448712,442.0,,En Programación,PORCENTAJE DE LA POBLACIÓN URBANA SIN ACCESO A LOS SERVICIOS DE MOVILIDAD URBANA A TRAVÉS DE VÍAS URBANAS,PERSONAS,100,,0,
2438245,2438245,0.0,2026-03-12 16:26:03,En Programación,PORCENTAJE DE ESTABLECIMIENTOS DE SALUD DEL PRIMER NIVEL DE ATENCIÓN CON CAPACIDAD INSTALADA INADECUADA,ESTABLECIMIENTO DE SALUD,174,Validado,0,
2691042,2691042,3090.0,,En Programación,PORCENTAJE DE LA POBLACIÓN URBANA SIN ACCESO A LOS SERVICIOS DE MOVILIDAD URBANA A TRAVÉS DE VÍAS URBANAS,PERSONAS,100,,0,
2290834,2290834,0.0,,En Cierre,,,0,,0,
2709836,2709836,1.0,,En Programación,PORCENTAJE DE ESTABLECIMIENTOS DE SALUD DEL PRIMER NIVEL DE ATENCIÓN CON CAPACIDAD INSTALADA INADECUADA,ESTABLECIMIENTO DE SALUD,174,,0,
2248739,2248739,80.0,,En Programación,PORCENTAJE DE SUPERFICIE AGRÍCOLA SIN RIEGO,HA,17,,0,
2574298,2574298,1.0,,En Programación,PORCENTAJE DE INSTALACIONES EDUCATIVAS QUE BRINDAN EL SERVICIO DE EDUCACIÓN SUPERIOR PEDAGÓGICA EN CONDICIONES INADECUADAS,INSTALACIÓN EDUCATIVA,327,,0,
2609041,2609041,395.0,,En Programación,PORCENTAJE DE LA POBLACIÓN URBANA SIN ACCESO A SERVICIOS DE ALCANTARILLADO U OTRAS FORMAS DE DISPOSICIÓN SANITARIA DE EXCRETAS,PERSONAS,100,,0,
2652079,2652079,4.44,,En Programación,PORCENTAJE DE LA RED VIAL NACIONAL EN CONDICIONES INADECUADAS,KM,13,,0,
2709403,2709403,348.0,,En Programación,PORCENTAJE DE LA POBLACIÓN RURAL SIN ACCESO AL SERVICIO DE AGUA POTABLE MEDIANTE RED PÚBLICA O PILETA PÚBLICA,PERSONAS,100,,0,
2620404,2620404,1.0,,En Programación,PORCENTAJE DE MERCADOS DE ABASTOS QUE OPERAN EN CONDICIONES INADECUADAS,MERCADO,280,,0,
2485439,2485439,1.0,,En Programación,PORCENTAJE DE INSTALACIONES EDUCATIVAS QUE BRINDAN EL SERVICIO DE EDUCACIÓN INICIAL EN CONDICIONES INADECUADAS,LOCAL EDUCATIVO,188,,0,
2700802,2700802,1.0,,En Programación,PORCENTAJE DE RECURSOS TURÍSTICOS PRIORIZADOS QUE BRINDAN SERVICIOS TURÍSTICOS PÚBLICOS EN CONDICIONES INADECUADAS,RECURSO TURÍSTICO,151,,0,
2697845,2697845,30.0,,En Programación,PORCENTAJE DE LA POBLACIÓN RURAL SIN ACCESO AL SERVICIO DE ALCANTARILLADO U OTRAS FORMAS DE DISPOSICIÓN SANITARIA DE EXCRETAS,PERSONAS,100,,0,
2713340,2713340,1.0,,En Programación,PORCENTAJE DE INSTALACIONES DEPORTIVAS Y /O RECREATIVAS EN CONDICIONES INADECUADAS,INSTALACIONES DEPORTIVAS Y/O RECREATIVAS,269,,0,
2701145,2701145,0.0,,En Programación,PORCENTAJE DE INSTALACIONES EDUCATIVAS QUE BRINDAN EL SERVICIO DE EDUCACIÓN PRIMARIA EN CONDICIONES INADECUADAS,INSTALACIÓN EDUCATIVA,327,,0,
2703092,2703092,1.0,,En Programación,PORCENTAJE DE INSTALACIONES DEPORTIVAS Y /O RECREATIVAS EN CONDICIONES INADECUADAS,INSTALACIONES DEPORTIVAS Y/O RECREATIVAS,269,,0,
2664575,2664575,1.0,,En Programación,PORCENTAJE DE INSTALACIONES EDUCATIVAS QUE BRINDAN EL SERVICIO DE EDUCACIÓN PRIMARIA EN CONDICIONES INADECUADAS,INSTALACIÓN EDUCATIVA,327,,0,
2561909,2561909,1.0,,En Programación,PORCENTAJE DE HOSPITALES CON CAPACIDAD INSTALADA INADECUADA,ESTABLECIMIENTO DE SALUD,174,,0,
2295046,2295046,6.18,,En Programación,PORCENTAJE DE LA RED VIAL VECINAL EN CONDICIONES INADECUADAS,KM,13,,0,
2665682,2665682,1.0,,En Programación,PORCENTAJE DE SISTEMAS DE RIEGO QUE OPERAN EN CONDICIONES INADECUADAS,SISTEMA DE RIEGO,281,,0,
2459491,2459491,95.0,,En Programación,PORCENTAJE DE PRODUCTORES AGROPECUARIOS SIN SERVICIO DE ASISTENCIA TÉCNICA,PRODUCTORES ASISTIDOS,195,,0,
2599360,2599360,142.0,,En Programación,PORCENTAJE DE LA POBLACIÓN RURAL SIN ACCESO AL SERVICIO DE AGUA POTABLE MEDIANTE RED PÚBLICA O PILETA PÚBLICA,PERSONAS,100,,0,
2458392,2458392,201.0,,En Cierre,PORCENTAJE DE LA POBLACIÓN RURAL SIN ACCESO AL SERVICIO DE AGUA POTABLE MEDIANTE RED PÚBLICA O PILETA PÚBLICA,PERSONAS,100,,0,
2642511,2642511,297.0,,En Programación,PORCENTAJE DE LA POBLACIÓN RURAL SIN ACCESO AL SERVICIO DE AGUA POTABLE MEDIANTE RED PÚBLICA O PILETA PÚBLICA,PERSONAS,100,,0,
2341212,2341212,0.18,,En Programación,PORCENTAJE DE LA POBLACIÓN URBANA SIN ACCESO A LOS SERVICIOS DE MOVILIDAD URBANA A TRAVÉS DE VÍAS URBANAS,PERSONAS,100,,0,
2112606,2112606,5.0,,En Cierre,PORCENTAJE DE LA RED DE CAMINOS DE HERRADURA NO INTERVENIDOS,KM,13,,-1333,
2456775,2456775,1.0,,En Programación,PORCENTAJE DE CEMENTERIOS POR IMPLEMENTAR,CEMENTERIO,289,,0,
2608925,2608925,1488.0,,En Programación,PORCENTAJE DE LA POBLACIÓN URBANA SIN ACCESO A LOS SERVICIOS DE MOVILIDAD URBANA A TRAVÉS DE VÍAS URBANAS,PERSONAS,100,,0,
2090825,2090825,3.5,,En Cierre,PORCENTAJE DE ESTABLECIMIENTOS DE SALUD DEL PRIMER NIVEL DE ATENCIÓN CON CAPACIDAD INSTALADA INADECUADA,ESTABLECIMIENTO DE SALUD,174,,-980,
2639915,2639915,109.0,,En Programación,PORCENTAJE DE VIVIENDAS EN EL ÁMBITO RURAL QUE NO CUENTAN CON SERVICIO ELÉCTRICO,VIVIENDA ATENDIDA,331,,0,
2480406,2480406,1.0,,En Cierre,PORCENTAJE DE INSTALACIONES DEPORTIVAS Y /O RECREATIVAS EN CONDICIONES INADECUADAS,INSTALACIONES DEPORTIVAS Y/O RECREATIVAS,269,,-651,
2308370,2308370,852.0,,En Programación,PORCENTAJE DE LA POBLACIÓN RURAL SIN ACCESO AL SERVICIO DE AGUA POTABLE MEDIANTE RED PÚBLICA O PILETA PÚBLICA,PERSONAS,100,,0,
2524861,2524861,1.0,,En Programación,PORCENTAJE DE INSTALACIONES DEPORTIVAS Y /O RECREATIVAS EN CONDICIONES INADECUADAS,INSTALACIONES DEPORTIVAS Y/O RECREATIVAS,269,,0,
2469861,2469861,4.0,,En Programación,PORCENTAJE DE LA POBLACIÓN URBANA SIN ACCESO A LOS SERVICIOS DE MOVILIDAD URBANA A TRAVÉS DE VÍAS URBANAS,PERSONAS,100,,0,
2527434,2527434,95.0,,En Programación,PORCENTAJE DE LA POBLACIÓN URBANA SIN ACCESO A SERVICIOS DE ALCANTARILLADO U OTRAS FORMAS DE DISPOSICIÓN SANITARIA DE EXCRETAS,PERSONAS,100,,0,
2651902,2651902,1.0,,En Programación,PORCENTAJE DE INSTALACIONES DEPORTIVAS Y /O RECREATIVAS EN CONDICIONES INADECUADAS,INSTALACIONES DEPORTIVAS Y/O RECREATIVAS,269,,0,
2525243,2525243,3.144,,En Programación,PORCENTAJE DE LA RED VIAL VECINAL POR IMPLEMENTAR,KM,13,,0,
2444878,2444878,600.0,,En Programación,PORCENTAJE DE LA POBLACIÓN RURAL SIN ACCESO AL SERVICIO DE AGUA POTABLE MEDIANTE RED PÚBLICA O PILETA PÚBLICA,PERSONAS,100,,0,
2556322,2556322,1.0,,En Programación,PORCENTAJE DE CENTROS DE ATENCIÓN DE NOCHE  PARA ADULTOS MAYORES  POR IMPLEMENTAR,CENTRO DE ATENCIÓN,301,,0,
2504112,2504112,203.0,,En Programación,PORCENTAJE DE LA POBLACIÓN RURAL SIN ACCESO AL SERVICIO DE AGUA POTABLE MEDIANTE RED PÚBLICA O PILETA PÚBLICA,PERSONAS,100,,0,
2437952,2437952,0.1,,En Programación,PORCENTAJE DE ESTABLECIMIENTOS DE SALUD DEL PRIMER NIVEL DE ATENCIÓN CON CAPACIDAD INSTALADA INADECUADA,ESTABLECIMIENTO DE SALUD,174,,0,
2573276,2573276,1.0,,En Programación,PORCENTAJE DE HOSPITALES CON CAPACIDAD INSTALADA INADECUADA,ESTABLECIMIENTO DE SALUD,174,,0,
2603372,2603372,9.76,,En Programación,PORCENTAJE DE LA RED VIAL VECINAL EN CONDICIONES INADECUADAS,KM,13,,0,
2437129,2437129,12812.41,,En Cierre,PORCENTAJE DE M2 DE ESPACIOS PÚBLICOS PARA EL ESPARCIMIENTO Y RECREACIÓN EN ZONAS URBANAS POR IMPLEMENTAR,M2,15,,0,
2600438,2600438,1.0,,En Programación,PORCENTAJE DE INSTALACIONES DEPORTIVAS Y /O RECREATIVAS EN CONDICIONES INADECUADAS,INSTALACIONES DEPORTIVAS Y/O RECREATIVAS,269,,0,
2453901,2453901,1.0,,En Programación,PORCENTAJE DE INSTALACIONES DEPORTIVAS Y /O RECREATIVAS EN CONDICIONES INADECUADAS,INSTALACIONES DEPORTIVAS Y/O RECREATIVAS,269,,0,
2625257,2625257,1.0,,En Programación,PORCENTAJE DE PUNTOS CRÍTICOS EN LAS QUEBRADAS NO PROTEGIDAS ANTE PELIGROS,PUNTOS CRÍTICOS EN QUEBRADA,248,,0,
2697167,2697167,1.0,,En Programación,PORCENTAJE DE INSTALACIONES DEPORTIVAS Y /O RECREATIVAS EN CONDICIONES INADECUADAS,INSTALACIONES DEPORTIVAS Y/O RECREATIVAS,269,,0,
2713215,2713215,200.0,,En Programación,PORCENTAJE DE VOLUMEN DE AGUAS RESIDUALES NO TRATADAS,M3,16,,0,
2500085,2500085,0.0,,En Programación,PORCENTAJE DE HOSPITALES CON CAPACIDAD INSTALADA INADECUADA,ESTABLECIMIENTO DE SALUD,174,,0,
2533188,2533188,327.0,,En Programación,PORCENTAJE DE LA POBLACIÓN RURAL SIN ACCESO AL SERVICIO DE AGUA POTABLE MEDIANTE RED PÚBLICA O PILETA PÚBLICA,PERSONAS,100,,0,
2651284,2651284,0.056,,En Programación,PORCENTAJE DE LA RED DE CAMINOS DE HERRADURA NO INTERVENIDOS,KM,13,,0,
2165860,2165860,0.0,,En Cierre,,,0,,0,
2257728,2257728,1.0,,En Cierre,PORCENTAJE DE RECURSOS TURÍSTICOS PRIORIZADOS QUE BRINDAN SERVICIOS TURÍSTICOS PÚBLICOS EN CONDICIONES INADECUADAS,RECURSO TURÍSTICO,151,,0,
2612177,2612177,276.0,,En Programación,PORCENTAJE DE LA POBLACIÓN RURAL SIN ACCESO AL SERVICIO DE AGUA POTABLE MEDIANTE RED PÚBLICA O PILETA PÚBLICA,PERSONAS,100,,0,
2629131,2629131,3513.1,,En Programación,PORCENTAJE DE M2 DE ESPACIOS PÚBLICOS PARA EL ESPARCIMIENTO Y RECREACIÓN EN ZONAS URBANAS POR IMPLEMENTAR,M2,15,,0,
2537225,2537225,1.0,,En Programación,PORCENTAJE DE INSTALACIONES EDUCATIVAS QUE BRINDAN EL SERVICIO DE EDUCACIÓN INICIAL EN CONDICIONES INADECUADAS,INSTALACIÓN EDUCATIVA,327,,0,
2618266,2618266,23.0,,En Programación,PORCENTAJE DE VIVIENDAS EN EL ÁMBITO RURAL QUE NO CUENTAN CON SERVICIO ELÉCTRICO,VIVIENDA ATENDIDA,331,,0,
2433094,2433094,1.0,,En Programación,PORCENTAJE DE SERVICIOS OPERATIVOS O MISIONALES INSTITUCIONALES CON CAPACIDAD OPERATIVA INADECUADA,SERVICIOS OPERATIVOS O MISIONALES INSTITUCIONALES,181,,0,
2668224,2668224,226.0,,En Programación,PORCENTAJE DE PERSONAS QUE NO PARTICIPAN DE LOS SERVICIOS DEPORTIVOS RECREATIVOS RESPECTO A LA POBLACIÓN TOTAL,USUARIO/AÑO,128,,0,
2569381,2569381,1.0,,En Programación,INDICADOR DE BRECHA POR DEFINIR,UNIDAD DE MEDIDA POR DEFINIR,305,,0,
2686057,2686057,0.007,,En Programación,PORCENTAJE DE LA RED VIAL VECINAL EN CONDICIONES INADECUADAS,KM,13,,0,
2575931,2575931,1.0,,En Programación,PORCENTAJE DE INSTALACIONES EDUCATIVAS QUE BRINDAN EL SERVICIO DE EDUCACIÓN PRIMARIA EN CONDICIONES INADECUADAS,INSTALACIÓN EDUCATIVA,327,,0,
2690966,2690966,1.0,,En Programación,PORCENTAJE DE ESTABLECIMIENTOS DE SALUD DEL PRIMER NIVEL DE ATENCIÓN CON CAPACIDAD INSTALADA INADECUADA,ESTABLECIMIENTO DE SALUD,174,,0,
2723677,2723677,500.0,,En Programación,PORCENTAJE DE LA POBLACIÓN URBANA SIN ACCESO A LOS SERVICIOS DE MOVILIDAD URBANA A TRAVÉS DE VÍAS URBANAS,PERSONAS,100,,0,
2647582,2647582,1.0,,En Programación,PORCENTAJE DE SISTEMAS DE RIEGO QUE OPERAN EN CONDICIONES INADECUADAS,SISTEMA DE RIEGO,281,,0,
2460014,2460014,1.0,,En Programación,PORCENTAJE DE CEMENTERIOS CON CAPACIDAD INSTALADA INADECUADA,CEMENTERIO,289,,0,
2304530,2304530,10366.0,2026-02-10 20:10:53,En Programación,PORCENTAJE DE LA POBLACIÓN URBANA SIN ACCESO A SERVICIOS DE ALCANTARILLADO U OTRAS FORMAS DE DISPOSICIÓN SANITARIA DE EXCRETAS,PERSONAS,100,Solicitado,0,
2521427,2521427,1.0,,En Programación,PORCENTAJE DE CEMENTERIOS CON CAPACIDAD INSTALADA INADECUADA,CEMENTERIO,289,,0,
2691894,2691894,1.0,,En Programación,PORCENTAJE DE INSTALACIONES EDUCATIVAS QUE BRINDAN EL SERVICIO DE EDUCACIÓN PRIMARIA EN CONDICIONES INADECUADAS,INSTALACIÓN EDUCATIVA,327,,0,
2317465,2317465,235.0,,En Programación,PORCENTAJE DE LA POBLACIÓN URBANA SIN ACCESO A LOS SERVICIOS DE MOVILIDAD URBANA A TRAVÉS DE VÍAS URBANAS,PERSONAS,100,,0,
2490846,2490846,2000.0,,En Programación,PORCENTAJE DE UNIDADES DE SERENAZGO MUNICIPAL QUE OPERAN EN CONDICIONES INADECUADAS,UNIDAD DE SERENAZGO MUNICIPAL,276,,0,
2716220,2716220,40.0,,En Programación,PORCENTAJE DE INSTALACIONES EDUCATIVAS QUE BRINDAN EL SERVICIO DE EDUCACIÓN PRIMARIA EN CONDICIONES INADECUADAS,INSTALACIÓN EDUCATIVA,327,,0,
2537352,2537352,6.69,,En Programación,PORCENTAJE DE LA RED VIAL VECINAL EN CONDICIONES INADECUADAS,KM,13,,0,
2545096,2545096,1.0,,En Programación,PORCENTAJE DE INSTALACIONES DEPORTIVAS Y /O RECREATIVAS EN CONDICIONES INADECUADAS,INSTALACIONES DEPORTIVAS Y/O RECREATIVAS,269,,0,
2319115,2319115,13.65,,En Programación,PORCENTAJE DE LA RED VIAL VECINAL EN CONDICIONES INADECUADAS,KM,13,,0,
2429930,2429930,100.0,,En Cierre,PORCENTAJE DE VIVIENDAS EN EL ÁMBITO URBANO SIN ACCESO AL SERVICIO DE ENERGÍA ELÉCTRICA,VIVIENDAS ATENDIDAS/AÑO,242,,-1004,En 15 días se vencerá el plazo para registrar la Sección C del Formato N° 09.
2467050,2467050,5.42,,En Programación,PORCENTAJE DE LA RED VIAL VECINAL EN CONDICIONES INADECUADAS,KM,13,,0,
2653218,2653218,500.0,,En Programación,PORCENTAJE DE PRODUCTORES AGROPECUARIOS SIN SERVICIO DE ASISTENCIA TÉCNICA,PRODUCTORES ASISTIDOS,195,,0,
2589602,2589602,1.0,,En Programación,PORCENTAJE DE CENTROS MAC (MEJOR ATENCIÓN AL CIUDADANO) CON CAPACIDAD OPERATIVA INADECUADA,CENTROS MAC,236,,0,
2645673,2645673,231.0,,En Programación,PORCENTAJE DE LA POBLACIÓN RURAL SIN ACCESO AL SERVICIO DE ALCANTARILLADO U OTRAS FORMAS DE DISPOSICIÓN SANITARIA DE EXCRETAS,PERSONAS,100,,0,
2623733,2623733,1.0,,En Programación,PORCENTAJE DE SERVICIOS OPERATIVOS O MISIONALES INSTITUCIONALES CON CAPACIDAD OPERATIVA INADECUADA,SERVICIOS OPERATIVOS O MISIONALES INSTITUCIONALES,181,,0,
2611340,2611340,29519.0,,En Programación,PORCENTAJE DE M2 DE ESPACIOS PÚBLICOS PARA EL ESPARCIMIENTO Y RECREACIÓN EN ZONAS URBANAS POR IMPLEMENTAR,M2,15,,0,
2313144,2313144,1000.0,,En Programación,PORCENTAJE DE LA POBLACIÓN URBANA SIN ACCESO A LOS SERVICIOS DE MOVILIDAD URBANA A TRAVÉS DE VÍAS URBANAS,PERSONAS,100,,0,
2619096,2619096,8.0,,En Programación,PORCENTAJE DE CENTROS DE PROMOCIÓN Y VIGILANCIA COMUNAL POR IMPLEMENTAR,CENTRO DE PROMOCIÓN Y VIGILANCIA COMUNAL,317,,0,
2325712,2325712,1.0,,En Programación,PORCENTAJE DE INSTALACIONES EDUCATIVAS QUE BRINDAN EL SERVICIO DE EDUCACIÓN SUPERIOR PEDAGÓGICA EN CONDICIONES INADECUADAS,LOCAL EDUCATIVO,188,,0,
2451089,2451089,2.0,,En Programación,PORCENTAJE DE SERVICIOS OPERATIVOS O MISIONALES INSTITUCIONALES CON CAPACIDAD OPERATIVA INADECUADA,SERVICIOS OPERATIVOS O MISIONALES INSTITUCIONALES,181,,0,
2526974,2526974,1.0,2026-02-20 16:15:58,En Programación,PORCENTAJE DE INSTALACIONES DEPORTIVAS QUE BRINDAN EL SERVICIO DEPORTIVO DE COMPETENCIA EN CONDICIONES INADECUADAS,INSTALACIÓN DEPORTIVA,156,Validado,0,
2650163,2650163,3200.0,,En Programación,PORCENTAJE DE LA POBLACIÓN URBANA SIN ACCESO A LOS SERVICIOS DE MOVILIDAD URBANA A TRAVÉS DE VÍAS URBANAS,PERSONAS,100,,0,
2522233,2522233,705.0,,En Programación,PORCENTAJE DE LA POBLACIÓN RURAL SIN ACCESO AL SERVICIO DE AGUA POTABLE MEDIANTE RED PÚBLICA O PILETA PÚBLICA,PERSONAS,100,,0,
2233757,2233757,100.0,,En Programación,PORCENTAJE DE SUPERFICIE AGRÍCOLA SIN RIEGO,HA,17,,0,
2714613,2714613,80.0,,En Programación,PORCENTAJE DE LA POBLACIÓN URBANA SIN ACCESO A LOS SERVICIOS DE MOVILIDAD URBANA A TRAVÉS DE VÍAS URBANAS,PERSONAS,100,,0,
2624489,2624489,100.0,,En Programación,PORCENTAJE DE SISTEMAS DE RIEGO QUE OPERAN EN CONDICIONES INADECUADAS,SISTEMA DE RIEGO,281,,0,
2482670,2482670,1.0,,En Programación,PORCENTAJE DE ESTABLECIMIENTOS DE SALUD DEL PRIMER NIVEL DE ATENCIÓN CON CAPACIDAD INSTALADA INADECUADA,ESTABLECIMIENTO DE SALUD,174,,0,
2498232,2498232,200.0,,En Programación,PORCENTAJE DE M2 DE ESPACIOS PÚBLICOS PARA EL ESPARCIMIENTO Y RECREACIÓN EN ZONAS URBANAS POR IMPLEMENTAR,M2,15,,0,
2706887,2706887,0.015,,En Programación,PORCENTAJE DE LA RED VIAL VECINAL EN CONDICIONES INADECUADAS,KM,13,,0,
